Date,Price,Open,High,Low,Vol.,Change %
"Dec 08, 2024",
"Dec 01, 2024",99837.0,96404.7,103719.4,92510.4,1.02M,3.56%
"Nov 24, 2024",96405.7,97696.4,98872.4,90817.2,659.36K,-1.32%
"Nov 17, 2024",97699.0,90569.4,99617.4,88736.1,938.17K,7.91%
"Nov 10, 2024",90539.1,76681.4,93226.6,76520.5,1.46M,18.04%
"Nov 03, 2024",76700.3,69334.8,77188.5,66834.0,1.14M,10.64%
"Oct 27, 2024",69325.8,67084.7,73569.4,66924.6,769.03K,3.34%
"Oct 20, 2024",67086.8,68373.3,69490.8,65246.7,630.37K,-1.88%
"Oct 13, 2024",68372.0,63205.4,68990.3,62054.2,674.99K,8.17%
"Oct 06, 2024",63205.1,62062.0,64449.3,59075.7,505.23K,1.84%
"Sep 29, 2024",62061.4,65862.8,66065.7,59904.4,591.90K,-5.78%
"Sep 22, 2024",65866.5,63351.2,66440.7,62394.6,517.48K,3.98%
"Sep 15, 2024",63348.1,59995.6,64085.1,57527.8,642.91K,5.59%
"Sep 08, 2024",59995.4,54161.4,60625.4,53642.4,637.99K,10.78%
"Sep 01, 2024",54156.5,58975.7,59799.7,52644.6,718.72K,-8.18%
"Aug 25, 2024",58978.6,64160.7,64939.2,57874.7,588.30K,-8.07%
"Aug 18, 2024",64159.3,59485.4,64830.1,57872.0,565.27K,7.86%
"Aug 11, 2024",59483.1,60929.8,61677.3,56275.7,454.19K,-2.38%
"Aug 04, 2024",60931.7,60700.2,62563.5,49486.9,856.80K,0.39%
"Jul 28, 2024",60696.7,67888.9,70000.2,59914.6,492.61K,-10.53%
"Jul 21, 2024",67843.1,67147.8,69387.6,63500.9,413.90K,1.03%
"Jul 14, 2024",67148.5,59207.9,67586.4,59207.9,519.22K,13.41%
"Jul 07, 2024",59209.8,58240.2,59826.5,54320.0,442.60K,1.63%
"Jun 30, 2024",58259.2,60973.1,63842.1,53883.4,674.06K,-4.45%
"Jun 23, 2024",60973.4,64261.0,64518.9,58589.9,439.02K,-5.12%
"Jun 16, 2024",64261.0,66223.0,67253.8,63427.9,398.24K,-2.96%
"Jun 09, 2024",66223.0,69310.5,70152.5,65076.5,436.55K,-4.45%
"Jun 02, 2024",69310.1,67760.8,71956.5,67330.6,455.56K,2.29%
"May 26, 2024",67760.8,69287.2,70638.3,66676.8,385.09K,-2.20%
"May 19, 2024",69284.4,66919.0,71872.0,65937.3,534.40K,3.54%
"May 12, 2024",66917.5,60826.6,67420.7,60647.1,469.69K,10.01%
"May 05, 2024",60826.6,63897.7,65448.8,60251.8,455.08K,-4.79%
"Apr 28, 2024",63888.3,63457.9,64700.2,56643.5,693.18K,0.68%
"Apr 21, 2024",63456.8,64942.1,67208.0,62507.7,451.32K,-2.32%
"Apr 14, 2024",64961.1,63909.5,66805.1,59693.3,869.36K,1.74%
"Apr 07, 2024",63849.9,68897.3,72710.8,61065.5,680.91K,-7.32%
"Mar 31, 2024",68890.6,69608.5,71367.5,64559.0,649.77K,-1.04%
"Mar 24, 2024",69611.5,64036.5,71670.8,63812.9,583.25K,8.70%
"Mar 17, 2024",64037.8,65314.2,68920.1,60850.9,644.98K,-1.95%
"Mar 10, 2024",65314.2,68360.7,73740.9,64971.0,753.56K,-4.46%
"Mar 03, 2024",68366.5,61955.6,69904.0,60138.2,796.49K,10.28%
"Feb 25, 2024",61994.5,51572.1,63915.3,50925.2,642.90K,20.21%
"Feb 18, 2024",51571.6,51646.0,52936.8,50537.6,327.44K,-0.14%
"Feb 11, 2024",51646.0,47759.3,52819.4,47590.2,455.62K,8.14%
"Feb 04, 2024",47758.2,43006.2,48149.0,42272.5,402.98K,11.05%
"Jan 28, 2024",43005.7,42121.3,43817.9,41649.0,320.49K,2.10%
"Jan 21, 2024",42120.9,41695.4,42214.8,38546.9,427.70K,1.02%
"Jan 14, 2024",41695.4,42851.3,43563.7,40305.4,418.57K,-2.70%
"Jan 07, 2024",42851.3,43973.5,48923.7,41857.9,771.35K,-2.54%
"Dec 31, 2023",43967.9,42141.6,45885.4,40888.3,482.41K,4.35%
"Dec 24, 2023",42136.7,43710.4,43935.7,41459.0,338.09K,-3.60%
"Dec 17, 2023",43710.4,42271.7,44394.6,40554,358.37K,3.40%
"Dec 10, 2023",42271.7,43716.6,44045.4,40277.1,399.45K,-3.31%
"Dec 03, 2023",43096.3,39456.8,44424.1,39280.3,375.68K,10.8%
"Nov 26, 2023",39458.4,37786.4,39673.4,36751.5,337.81K,4.42%
"Nov 19, 2023",37787,36568.6,38400.8,35695.6,377.06K,3.33%
"Nov 12, 2023",36568.6,37149,37954.1,34984.3,371.77K,-1.57%
"Nov 05, 2023",37150.5,35065.8,37942,34536.9,395.79K,5.95%
"Oct 29, 2023",35065.8,34082.6,35907.6,33937.6,356.78K,2.88%
"Oct 22, 2023",34082.6,29912.7,35191.4,29713.6,546.20K,13.94%
"Oct 15, 2023",29912.9,26852.8,30264.8,26812.6,453.75K,11.40%
"Oct 08, 2023",26852.8,27961.1,28097.5,26558.4,258.44K,-3.96%
"Oct 01, 2023",27961.1,26962.5,28556.6,26955.7,355.31K,3.70%
"Sep 24, 2023",26962.7,26579,27283.6,26013.6,283.67K,1.44%
"Sep 17, 2023",26579.2,26562,27480.7,26382.3,282.39K,0.06%
"Sep 10, 2023",26562,25901.1,26837.4,24923.1,327.53K,2.55%
"Sep 03, 2023",25901.1,25869.7,26417.7,25411.7,233.37K,0.12%
"Aug 27, 2023",25869.7,26017.1,28046,25361.9,371.58K,-0.57%
"Aug 20, 2023",26017.1,26099.5,26807.7,25481.9,293.72K,-0.32%
"Aug 13, 2023",26099.4,29428.2,29689,25489.4,442.95K,-11.31%
"Aug 06, 2023",29428.2,29067.9,30168.6,28721,256.33K,1.24%
"Jul 30, 2023",29068.1,29354.2,30025.9,28611,282.53K,-0.97%
"Jul 23, 2023",29353.5,29788.9,30337,28890.7,245.08K,-1.46%
"Jul 16, 2023",29788.9,30291.8,30435,29621.4,253.92K,-1.66%
"Jul 09, 2023",30291.4,30288.8,31764.5,29944.3,429.51K,0.01%
"Jul 02, 2023",30288.8,30587.1,31463.6,29757.4,347.61K,-0.97%
"Jun 25, 2023",30586.8,30533.6,31275.5,29714.5,489.67K,0.17%
"Jun 18, 2023",30533.6,26515,31395.4,26290.6,595.01K,15.16%
"Jun 11, 2023",26515,25843.3,26767.3,24838,403.42K,2.60%
"Jun 04, 2023",25747.8,27070.9,27410.2,25557.1,49.65K,-4.89%
"May 28, 2023",27072,26855.3,28431.2,26541.3,364.20K,0.80%
"May 21, 2023",26857.5,27116.2,27448.1,25892.5,326.61K,-0.95%
"May 14, 2023",27116.2,26777.4,27651.7,26449.8,318.29K,1.27%
"May 07, 2023",26777.5,28857.1,29122,25853.1,501.86K,-7.21%
"Apr 30, 2023",28857.1,29235.1,29941.3,27685.9,479.52K,-1.29%
"Apr 23, 2023",29234.1,27813.8,29995.7,27054.3,594.98K,5.11%
"Apr 16, 2023",27813.9,30299.2,30545.3,27165.7,583.96K,-8.20%
"Apr 09, 2023",30299.6,27941.2,30964.9,27809.2,544.03K,8.44%
"Apr 02, 2023",27941.2,28456.1,28744.4,27256.9,397.27K,-1.81%
"Mar 26, 2023",28456.1,27474.9,29160.4,26611.5,684.10K,3.57%
"Mar 19, 2023",27475.6,26914.5,28760.3,26668.7,1.98M,2.09%
"Mar 12, 2023",26914.1,20465,27742.2,20294.2,4.38M,31.50%
"Mar 05, 2023",20467.5,22347.1,22636.7,19591.8,2.75M,-8.41%
"Feb 26, 2023",22347.1,23166.1,23914.1,22051.9,1.99M,-3.54%
"Feb 19, 2023",23166.1,24631.3,25236.8,22777.4,2.61M,-5.95%
"Feb 12, 2023",24631.4,21859.9,25233.8,21418.7,2.81M,12.68%
"Feb 05, 2023",21859.8,23326.9,23425.1,21491.7,2.23M,-6.28%
"Jan 29, 2023",23323.8,23023.5,24207.2,22560,2.36M,1.28%
"Jan 22, 2023",23027.9,22775.7,23779,22323,2.25M,1.11%
"Jan 15, 2023",22775.7,20956,23304.5,20448.3,2.28M,8.67%
"Jan 08, 2023",20958.2,16943.6,21185.6,16913.8,2.44M,23.69%
"Jan 01, 2023",16943.6,16537.5,17012.3,16499.7,1.31M,2.46%
"Dec 25, 2022",16537.4,16835.7,16964,16360,1.24M,-1.78%
"Dec 18, 2022",16837.2,16777,17031.3,16331.2,1.35M,0.36%
"Dec 11, 2022",16777.1,17127,18351.8,16542.4,1.94M,-2.04%
"Dec 04, 2022",17127.2,16884.8,17395.2,16715.3,1.73M,1.44%
"Nov 27, 2022",16884.5,16456.4,17244.7,16013.5,1.79M,2.60%
"Nov 20, 2022",16456.5,16699.3,16785.6,15504.2,1.78M,-1.45%
"Nov 13, 2022",16699.2,16803.9,17158.4,15834,1.58M,-0.57%
"Nov 06, 2022",16795.2,21298.7,21360.4,15603.3,4.02M,-21.16%
"Oct 30, 2022",21301.6,20809.4,21464.7,20065.8,2.62M,2.36%
"Oct 23, 2022",20809.8,19204.8,21038.1,19092.5,2.25M,8.36%
"Oct 16, 2022",19204.8,19068.8,19692.9,18703.3,1.72M,0.71%
"Oct 09, 2022",19068.7,19416.3,19933.9,18207.9,2.12M,-1.78%
"Oct 02, 2022",19415,19311.9,20436.7,18937.3,2.17M,0.53%
"Sep 25, 2022",19311.9,18925.1,20361.2,18505.3,3.37M,2.04%
"Sep 18, 2022",18925.2,20113.9,20113.9,18191.8,2.82M,-5.91%
"Sep 11, 2022",20113.5,21650.4,22702.5,19352.9,2.58M,-7.10%
"Sep 04, 2022",21650.4,19832.2,21790.6,18548.4,2.38M,9.17%
"Aug 28, 2022",19831.4,20034.2,20558.2,19542.9,1.85M,-1.01%
"Aug 21, 2022",20033.9,21138.9,21832.3,19849.8,1.70M,-5.23%
"Aug 14, 2022",21138.9,24442.1,25205.7,20784.8,1.73M,-13.52%
"Aug 07, 2022",24442.5,22944.2,24882.9,22714.7,1.39M,6.53%
"Jul 31, 2022",22944.2,23634.2,24179.3,22438.7,1.25M,-2.92%
"Jul 24, 2022",23634.2,22449.8,24605.3,20737.3,1.49M,5.23%
"Jul 17, 2022",22460.4,21209.8,24258,20755.2,1.61M,5.90%
"Jul 10, 2022",21209.9,21587.4,21599.2,18942.2,1.31M,-1.75%
"Jul 03, 2022",21587.5,19243.4,22482.1,18794.4,1.39M,12.18%
"Jun 26, 2022",19243.2,21489.9,21837.4,18682.7,742.87K,-10.45%
"Jun 19, 2022",21489.9,18983.4,21689.3,17983.7,889.96K,13.19%
"Jun 12, 2022",18986.5,28404,28534.8,17630.5,1.44M,-33.15%
"Jun 05, 2022",28403.4,29865.1,31753.4,28161.8,614.26K,-4.89%
"May 29, 2022",29864.3,29027.1,32377.5,28838.7,610.88K,2.88%
"May 22, 2022",29027.1,29433,30644.8,28077.9,658.54K,-1.38%
"May 15, 2022",29434.6,30078.6,31383.8,28648.1,630.05K,-2.15%
"May 08, 2022",30080.4,35468,35497,26500.5,672.43M,-15.19%
"May 01, 2022",35468,37642,40021,34773,4.43B,-5.80%
"Apr 24, 2022",37650,39434,40770,37596,3.35B,-4.49%
"Apr 17, 2022",39418,40382,42969,38577,2.66B,-2.39%
"Apr 10, 2022",40382,42760,43421,39202,2.49B,-5.58%
"Apr 03, 2022",42767,45813,47435,42113,3.23B,-6.64%
"Mar 27, 2022",45811,44542,48199,44261,3.66B,2.84%
"Mar 20, 2022",44548,42241,45112,40530,3.16B,5.48%
"Mar 13, 2022",42233,38813.2,42386,37603.4,17.07B,8.81%
"Mar 06, 2022",38814.3,39396.3,42538.5,37182.1,20.31B,-1.48%
"Feb 27, 2022",39395.8,39116.6,45294.2,37062.3,6.23B,0.72%
"Feb 20, 2022",39115.5,40089.6,40120.3,34357.4,635.91K,-2.43%
"Feb 13, 2022",40090.3,42205.5,44722.6,39505,376.77K,-5.01%
"Feb 06, 2022",42205.2,41411.9,45755.2,41176.3,473.29K,1.92%
"Jan 30, 2022",41412.1,38167.5,41899.8,36297.3,451.36K,8.49%
"Jan 23, 2022",38170.8,35072.9,38862.6,32985.6,630.11K,8.83%
"Jan 16, 2022",35075.2,43079.2,43487.1,34116,541.76K,-18.61%
"Jan 09, 2022",43097,41681.2,44404.7,39697,391.26K,3.42%
"Jan 02, 2022",41672,47738.7,47944.9,40574.3,446.80K,-12.71%
"Dec 26, 2021",47738,50404,52016.3,45693.6,391.96K,-5.29%
"Dec 19, 2021",50406.4,46855.7,51795.3,45577.3,343.62K,7.58%
"Dec 12, 2021",46856.2,49332.5,50779.2,45513.4,446.80K,-4.98%
"Dec 05, 2021",49314.5,49196.4,51918.6,46834,470.49K,0.24%
"Nov 28, 2021",49195.2,54758,59174.4,42587.8,485.37K,-10.17%
"Nov 21, 2021",54765.9,59724,60002.6,53533.5,512.69K,-8.29%
"Nov 14, 2021",59717.6,64397.2,66311.2,55626.3,521.73K,-7.27%
"Nov 07, 2021",64398.6,61483.8,68990.6,61347.2,451.59K,4.74%
"Oct 31, 2021",61483.9,61842.2,64256.4,59612.7,375.25K,-0.58%
"Oct 24, 2021",61840.1,61308.2,63694.8,58112.6,449.83K,0.86%
"Oct 17, 2021",61312.5,60865.5,66967.1,59143.4,545.11K,0.74%
"Oct 10, 2021",60861.1,54942.5,62892.8,54100.8,628.28K,10.77%
"Oct 03, 2021",54942.5,47665.4,55977.9,46958.6,506.29K,15.26%
"Sep 26, 2021",47666.9,42685.8,48435.2,40786.6,486.08K,11.67%
"Sep 19, 2021",42686.8,48299.9,48341.9,39646.8,682.37K,-11.63%
"Sep 12, 2021",48306.7,45162.6,48761,43463.2,428.09K,6.96%
"Sep 05, 2021",45161.9,49918.7,52885.3,43072.4,635.39K,-9.53%
"Aug 29, 2021",49918.4,48899.7,51008.8,46533.1,503.54K,2.09%
"Aug 22, 2021",48897.1,48870.4,50498.8,46360.4,455.60K,0.04%
"Aug 15, 2021",48875.8,47082.6,49719.1,43986.7,404.44K,3.81%
"Aug 08, 2021",47081.5,44584.9,48090.9,42824.1,603.00K,5.53%
"Aug 01, 2021",44614.2,41510,44697.3,37365.4,480.25K,7.37%
"Jul 25, 2021",41553.7,34392.5,42285.3,33881.3,772.12K,22.85%
"Jul 18, 2021",33824.8,31517.9,33955,29310.2,547.54K,7.32%
"Jul 11, 2021",31518.6,33510.8,34598,31062.2,444.39K,-5.94%
"Jul 04, 2021",33510.6,34742.8,35957.6,32146.9,538.72K,-3.55%
"Jun 27, 2021",34742.8,32247.1,36590.3,32041.7,644.50K,7.75%
"Jun 20, 2021",32243.4,35510.9,36097.9,28901.8,1.38M,-9.21%
"Jun 13, 2021",35513.4,35467.5,41318,34827,869.90K,0.13%
"Jun 06, 2021",35467.5,35518.7,38340.8,31158.1,955.16K,-0.15%
"May 30, 2021",35520,34589.3,39462.3,33441,795.23K,2.70%
"May 23, 2021",34584.6,37446.8,40750,31192.4,1.36M,-7.65%
"May 16, 2021",37448.3,46729.3,49764.3,30261.7,2.10M,-19.83%
"May 09, 2021",46708.8,58840.6,59523.9,46331.1,971.69K,-20.62%
"May 02, 2021",58840.1,57807.2,59471.1,53741.5,714.62K,1.79%
"Apr 25, 2021",57807.1,50088.2,58449.4,47098.5,650.34K,15.41%
"Apr 18, 2021",50088.9,60043.2,60362.1,47659.4,1.12M,-16.58%
"Apr 11, 2021",60041.9,59772.4,64778,59250.3,738.10K,0.49%
"Apr 04, 2021",59748.4,57059.7,61229,55489.3,478.37K,4.71%
"Mar 28, 2021",57059.9,55856.9,60134.9,54711.3,551.09K,2.14%
"Mar 21, 2021",55862.9,58097.4,58583.8,50441.3,736.81K,-3.84%
"Mar 14, 2021",58093.4,61192.7,61673.7,53342.6,705.78K,-5.07%
"Mar 07, 2021",61195.3,48899,61795.8,48890.6,726.92K,25.26%
"Feb 28, 2021",48855.6,46136,52567.9,43100.6,647.90K,5.89%
"Feb 21, 2021",46136.7,55907.6,58335.1,44248.2,1.08M,-17.50%
"Feb 14, 2021",55923.7,47172.1,57523.8,45786.1,880.27K,18.56%
"Feb 07, 2021",47168.7,39228.9,48927.4,37381.6,1.12M,20.16%
"Jan 31, 2021",39256.6,34281.6,40939.7,32189.9,844.34K,14.51%
"Jan 24, 2021",34283.1,32088.5,38546,29290.4,1.38M,6.84%
"Jan 17, 2021",32088.9,36020.1,37821,28871.2,1.14M,-10.91%
"Jan 10, 2021",36019.5,40149.7,41362.4,30411.6,1.40M,-10.29%
"Jan 03, 2021",40151.9,32192.9,41921.7,28204.5,1.57M,24.72%
"Dec 27, 2020",32193.3,26460.3,33233.5,25858.2,962.22K,21.69%
"Dec 20, 2020",26454.4,23843.6,26826,22015.5,805.84K,10.95%
"Dec 13, 2020",23844,18808.1,24107.1,18716.8,1.01M,26.77%
"Dec 06, 2020",18808.9,19146,19424.6,17600.1,642.93K,-1.76%
"Nov 29, 2020",19146.5,17729.7,19897.4,17530.4,883.70K,7.99%
"Nov 22, 2020",17730.7,18394.6,19486.7,16235.2,1.15M,-5.12%
"Nov 15, 2020",18687.2,16074.7,18966,15782.3,985.86K,16.28%
"Nov 08, 2020",16071,14826.6,16474.1,14720.7,849.61K,8.38%
"Nov 01, 2020",14828.4,13795.5,15955.2,13214.2,969.23K,7.47%
"Oct 25, 2020",13797.3,13117,14065.4,12792.4,737.16K,5.18%
"Oct 18, 2020",13117.2,11362.1,13213.5,11349.8,649.57K,15.45%
"Oct 11, 2020",11362.1,11295.6,11715.9,11224.6,458.66K,0.56%
"Oct 04, 2020",11298.4,10544.4,11475,10520.8,415.50K,7.15%
"Sep 27, 2020",10544.2,10727.9,10946.6,10387.6,473.68K,-1.71%
"Sep 20, 2020",10727.9,11081.6,11081.6,10146.6,521.93K,-3.19%
"Sep 13, 2020",11081.8,10441.7,11177.1,10219.4,552.84K,6.13%
"Sep 06, 2020",10441.9,10092.2,10480.3,9877.1,24.92M,3.47%
"Aug 30, 2020",10092.2,11468.1,12045.9,9897.8,56.56M,-12.00%
"Aug 23, 2020",11468.1,11661.1,11824.6,11131,3.40M,-1.66%
"Aug 16, 2020",11661.3,11845.5,12444.1,11382.1,3.65M,-1.55%
"Aug 09, 2020",11845.3,11764.4,12041.1,11146.7,3.46M,0.69%
"Aug 02, 2020",11764.3,11802.6,12061.1,10730.7,3.74M,-0.33%
"Jul 26, 2020",11803.1,10961.1,11847.7,10771.8,4.12M,21.63%
"Jul 19, 2020",9704.1,9170.1,9729.3,9106.4,2.56M,5.82%
"Jul 12, 2020",9170.2,9234.2,9337.8,9052,2.76M,-0.68%
"Jul 05, 2020",9233.3,9134.3,9458.3,8932.1,3.03M,1.08%
"Jun 28, 2020",9134.4,9008.4,9289,8950.2,2.61M,1.40%
"Jun 21, 2020",9008.3,9358.8,9751.9,8865.3,3.24M,-3.74%
"Jun 14, 2020",9358.8,9470.7,9577.1,8925.6,3.38M,-1.19%
"Jun 07, 2020",9471.3,9669.6,9970.9,9139.1,3.94M,-2.05%
"May 31, 2020",9669.6,9692.9,10301.8,9347.3,4.72M,-0.24%
"May 24, 2020",9692.5,9177.9,9729.9,8666.1,6.17M,5.62%
"May 17, 2020",9177,9376.6,9930.2,8833.6,7.89M,-2.16%
"May 10, 2020",9379.5,9553.9,9887.5,8235.6,12.52M,-1.83%
"May 03, 2020",9554.6,8966.2,10033,8553.2,9.63M,6.56%
"Apr 26, 2020",8966.3,7540.4,9437.5,7520.5,8.77M,18.91%
"Apr 19, 2020",7540.4,7230.9,7684.6,6771.2,12.22M,4.28%
"Apr 12, 2020",7230.8,6867.9,7259.4,6520.5,7.48M,5.29%
"Apr 05, 2020",6867.8,6857.5,7440.3,6686,8.36M,0.15%
"Mar 29, 2020",6857.4,6233.2,7182.7,5872.5,9.18M,10.01%
"Mar 22, 2020",6233.7,6186.9,6930.2,5710.8,10.15M,0.77%
"Mar 15, 2020",6186.2,5182.9,6858.1,4477.7,14.45M,19.36%
"Mar 08, 2020",5182.7,8887.8,8888,3869.5,16.09M,-41.69%
"Mar 01, 2020",8887.8,8543.8,9180.8,8437.2,6.44M,4.03%
"Feb 23, 2020",8543.7,9655.6,9981,8451.9,7.28M,-11.52%
"Feb 16, 2020",9655.7,9907.4,10230.9,9424.3,5.93M,-2.54%
"Feb 09, 2020",9907.7,9895.4,10482.6,9725.1,5.39M,0.12%
"Feb 02, 2020",9895.5,9381.5,9931.2,9381.5,4.78M,5.48%
"Jan 26, 2020",9381.6,8341.6,9569,8304.9,4.89M,12.47%
"Jan 19, 2020",8341.6,8916.3,9183.7,8242.6,4.60M,-6.45%
"Jan 12, 2020",8916.3,8023.3,9005.1,7973.1,6.33M,11.12%
"Jan 05, 2020",8024.1,7376.8,8436.4,7345.6,6.53M,8.78%
"Dec 29, 2019",7376.8,7321.6,7518.9,6884.1,4.70M,0.75%
"Dec 22, 2019",7321.5,7156.3,7684,7128.5,5.29M,2.31%
"Dec 15, 2019",7156.2,7080.8,7387.7,6462.2,5.22M,1.07%
"Dec 08, 2019",7080.8,7510.8,7626,7043.3,3.88M,-5.73%
"Dec 01, 2019",7510.9,7546.5,7702.2,7113.6,5.17M,-0.47%
"Nov 24, 2019",7546.6,7325,7825.3,6534.8,6.29M,3.04%
"Nov 17, 2019",7324.1,8497.4,8631.7,6818.5,6.19M,-13.81%
"Nov 10, 2019",8497.3,8804.7,9092.9,8437.1,4.02M,-3.49%
"Nov 03, 2019",8804.5,9300.5,9500.4,8722.4,4.63M,-5.33%
"Oct 27, 2019",9300.6,9230.6,9866.9,8959.6,6.08M,0.76%
"Oct 20, 2019",9230.6,7957.4,10540,7329.2,4.23M,16.00%
"Oct 13, 2019",7957.3,8304.3,8450.2,7842,3.38M,-4.18%
"Oct 06, 2019",8304.4,8127.3,8751.1,7797,4.00M,2.18%
"Sep 29, 2019",8127.3,8208,8486.2,7749,3.23M,-0.99%
"Sep 22, 2019",8208.5,9993,10075,7773.6,4.23M,-17.86%
"Sep 15, 2019",9993,10337.3,10360.5,9707.6,2.51M,-3.33%
"Sep 08, 2019",10337.3,10461.6,10578,9908.9,2.74M,-1.18%
"Sep 01, 2019",10461.1,9594.7,10896.2,9533.6,3.62M,9.03%
"Aug 25, 2019",9594.4,10132.1,10568.2,9343,3.29M,-5.30%
"Aug 18, 2019",10131,10219.3,10941.6,9777,3.57M,-0.85%
"Aug 11, 2019",10218.1,11314.6,11728.4,9580.1,4.62M,-9.69%
"Aug 04, 2019",11314.5,10816.1,12291.9,10568.8,4.55M,4.61%
"Jul 28, 2019",10815.7,9491.1,10893.6,9401.1,3.89M,13.94%
"Jul 21, 2019",9492.1,10827,10883.8,9389.1,4.02M,-12.33%
"Jul 14, 2019",10826.7,11364.3,11448.7,9082.6,6.29M,-4.74%
"Jul 07, 2019",11364.9,11267.9,13134.4,10839.4,5.64M,0.86%
"Jun 30, 2019",11268,11906,12179.3,9728.5,6.41M,-5.36%
"Jun 23, 2019",11906.5,10721.5,13929.8,10493.5,7.21M,11.05%
"Jun 16, 2019",10721.7,8812.2,11160.5,8771.1,5.15M,21.66%
"Jun 09, 2019",8812.5,7901.6,8856.7,7516.9,4.24M,11.53%
"Jun 02, 2019",7901.4,8545.8,8807.7,7480.4,4.88M,-7.54%
"May 26, 2019",8545.7,8029.6,9045.9,7866.5,20.69M,6.46%
"May 19, 2019",8027.4,7261.9,8253.4,7252.3,6.20M,10.53%
"May 12, 2019",7262.6,7190,8323.9,6802.6,9.03M,1.01%
"May 05, 2019",7190.3,5830.8,7373.8,5630.5,5.78M,23.31%
"Apr 28, 2019",5830.9,5265.7,5899.2,5188.9,5.56M,10.73%
"Apr 21, 2019",5265.9,5290.2,5594.4,5137.4,6.56M,-0.46%
"Apr 14, 2019",5290.2,5052,5327,4964.2,4.90M,4.72%
"Apr 07, 2019",5051.8,5046.1,5404.1,4889.2,5.83M,0.11%
"Mar 31, 2019",5046.2,4111.8,5278.4,4076.8,36.99M,22.73%
"Mar 24, 2019",4111.8,4002.6,4138.1,3897.9,19.14M,2.73%
"Mar 17, 2019",4002.5,4006.4,4064,3923.8,20.06M,-0.10%
"Mar 10, 2019",4006.4,3944.4,4050.6,3817.1,19.44M,1.57%
"Mar 03, 2019",3944.3,3823.2,3964,3681.8,19.19M,3.17%
"Feb 24, 2019",3823.1,4120.5,4194.2,3701.9,12.42M,-7.21%
"Feb 17, 2019",4120.4,3616.8,4152.6,3607.9,5.61M,13.92%
"Feb 10, 2019",3616.8,3661,3681.1,3580.2,3.65M,-1.22%
"Feb 03, 2019",3661.4,3502.3,3721.1,3382.5,3.78M,4.54%
"Jan 27, 2019",3502.5,3570.9,3583.2,3368.2,3.68M,-1.92%
"Jan 20, 2019",3570.9,3676.2,3699.1,3465.2,3.16M,-2.91%
"Jan 13, 2019",3677.8,3597.3,3715.2,3473.2,3.50M,2.24%
"Jan 06, 2019",3597.2,3785.7,4070.5,3561.3,3.80M,-4.97%
"Dec 30, 2018",3785.4,3708.2,3894.8,3658.8,3.52M,2.12%
"Dec 23, 2018",3706.8,3964.3,4208.2,3560.8,4.18M,-6.50%
"Dec 16, 2018",3964.4,3228.6,4153.1,3225.9,4.77M,22.79%
"Dec 09, 2018",3228.7,3430.3,3677.6,3177,2.82M,-5.88%
"Dec 02, 2018",3430.4,4196.2,4316.1,3251.8,2.98M,-18.25%
"Nov 25, 2018",4196.2,3920.3,4440.1,3634.2,3.46M,7.03%
"Nov 18, 2018",3920.4,5621,5727.9,3821.5,2.69M,-30.26%
"Nov 11, 2018",5621.8,6427.1,6475.9,5384.1,1.64M,-12.53%
"Nov 04, 2018",6427.1,6386.2,6594.3,6359.7,1.04M,0.64%
"Oct 28, 2018",6386.2,6494.6,6502.2,6257.8,897.36K,-1.66%
"Oct 21, 2018",6494.2,6575.9,6643.1,6473.7,685.44K,-1.19%
"Oct 14, 2018",6572.2,6321.6,7358.4,6300,1.21M,3.96%
"Oct 07, 2018",6321.7,6596.3,6699.5,6206.2,907.69K,-4.16%
"Sep 30, 2018",6596.3,6603.9,6682.3,6034.9,64.74M,-0.12%
"Sep 23, 2018",6603.9,6729.6,6809.2,5977,59.02M,-1.87%
"Sep 16, 2018",6729.6,6519,6833.3,6144.5,33.27M,3.23%
"Sep 09, 2018",6519,6184.3,6867.3,6148.8,22.18M,5.41%
"Sep 02, 2018",6184.3,7189.6,7409.9,6132.3,26.79M,-13.98%
"Aug 26, 2018",7189.6,6734.9,7264.3,6573.1,26.36M,6.75%
"Aug 19, 2018",6734.8,6379.1,6840.8,6255.9,20.84M,5.58%
"Aug 12, 2018",6379.1,6232.1,6626.4,5898.3,17.63M,2.37%
"Aug 05, 2018",6231.6,7014,7149.7,6009.8,1.71M,-11.16%
"Jul 29, 2018",7014.3,8231.5,8275.4,6949.7,1.55M,-14.81%
"Jul 22, 2018",8234.1,7409,8484.6,7343.7,1.80M,11.14%
"Jul 15, 2018",7408.7,6254.8,7683.6,6238.5,1.92M,18.45%
"Jul 08, 2018",6254.8,6765.4,6793.8,6088.8,1.88M,-7.55%
"Jul 01, 2018",6765.5,6398.5,6805.9,6398.5,1.03M,5.73%
"Jun 24, 2018",6398.9,6167.9,6498.5,5785.3,1.34M,3.76%
"Jun 17, 2018",6167.3,6505.8,6839.5,5955,988.81K,-5.20%
"Jun 10, 2018",6505.8,7515.8,7516.3,6129.1,1.32M,-13.44%
"Jun 03, 2018",7515.8,7646.6,7775,7391,868.03K,-1.71%
"May 27, 2018",7646.6,7361.9,7694.5,7069.8,984.53K,3.88%
"May 20, 2018",7361.3,8243.9,8597.4,7293.4,1.08M,-10.72%
"May 13, 2018",8245.1,8483.6,8758.4,8055.5,1.14M,-2.53%
"May 06, 2018",8459.5,9859.4,9957.7,8184.1,1.26M,-14.15%
"Apr 29, 2018",9853.5,9352.2,9992.8,8851,1.17M,5.36%
"Apr 22, 2018",9352.4,8923.6,9753.1,8669.8,1.60M,4.81%
"Apr 15, 2018",8923.1,8004.6,9027.7,7852.8,1.27M,11.48%
"Apr 08, 2018",8004.4,6905.9,8228,6633.2,1.51M,15.91%
"Apr 01, 2018",6905.7,6939.1,7519.3,6460.1,1.50M,-0.47%
"Mar 25, 2018",6938.2,8549.1,8679,6603.8,1.80M,-18.83%
"Mar 18, 2018",8547.4,7873.2,9173.4,7323.3,1.75M,8.54%
"Mar 11, 2018",7874.9,8732.2,9892.2,7691.7,1.84M,-10.12%
"Mar 04, 2018",8762,11402.8,11506.9,8351,1.66M,-23.16%
"Feb 25, 2018",11402.3,9703.1,11420.7,9330.1,1.41M,17.50%
"Feb 18, 2018",9704.3,11073.7,11791.5,9394.5,1.93M,-12.36%
"Feb 11, 2018",11073.5,8559.7,11095.9,7843.7,1.64M,29.37%
"Feb 04, 2018",8559.6,9241.5,9382.1,8559.6,3.00M,-7.37%
"Jan 28, 2018",9241.1,11471.2,12112.7,7915.8,1.89M,-19.41%
"Jan 21, 2018",11467.5,12857.1,12860.2,10056.6,1.33M,-10.82%
"Jan 14, 2018",12858.9,14291.9,14446.1,12858.9,1.39M,-10.03%
"Jan 07, 2018",14292.2,17174.5,17184.8,13048.3,691.25K,-16.77%
"Dec 31, 2017",17172.3,12532.4,17252.8,12359.4,770.83K,37.03%
"Dec 24, 2017",12531.5,14396.6,16514.6,11962.1,1.04M,-12.95%
"Dec 17, 2017",14396.5,19346.6,19870.6,10875.7,1.46M,-25.58%
"Dec 10, 2017",19345.5,14840,19587.7,13031,1.02M,30.33%
"Dec 03, 2017",14843.4,10912.7,17294.8,10578.4,1.26M,36.02%
"Nov 26, 2017",10912.7,8754.6,11417.8,8746.6,919.63K,24.65%
"Nov 19, 2017",8754.7,7781,8762,7675.4,551.27K,12.51%
"Nov 12, 2017",7780.9,6339.9,8000.2,5493.6,1.00M,22.73%
"Nov 05, 2017",6339.9,7363.8,7869.1,6197.9,1.07M,-13.91%
"Oct 29, 2017",7363.8,5726.6,7492.2,5679.4,976.41K,28.59%
"Oct 22, 2017",5726.6,6006.6,6070.6,5375.6,722.59K,-4.66%
"Oct 15, 2017",6006.6,5824.7,6187.2,5114.9,670.51K,3.12%
"Oct 08, 2017",5824.7,4435.8,5852.8,4419.4,805.69K,31.31%
"Oct 01, 2017",4435.8,4360.6,4477.4,4143.4,443.24K,1.72%
"Sep 24, 2017",4360.6,3788,4383.3,3633.9,588.23K,15.12%
"Sep 17, 2017",3788,3698.9,4122.8,3485.8,781.52K,2.41%
"Sep 10, 2017",3698.9,4335.1,4387.8,2979.9,1.43M,-14.68%
"Sep 03, 2017",4335.1,4573.8,4719.8,4004.6,870.55K,-5.22%
"Aug 27, 2017",4573.8,4352.3,4976.5,4195.2,622.35K,5.09%
"Aug 20, 2017",4352.3,4150.5,4461.7,3612.2,628.02K,4.86%
"Aug 13, 2017",4150.5,3871.6,4487.5,3837.1,997.13K,7.20%
"Aug 06, 2017",3871.6,3262.8,3967.3,3166.5,644.93K,18.66%
"Jul 30, 2017",3262.8,2733.5,3344,2621.7,675.09K,19.36%
"Jul 23, 2017",2733.5,2836.5,2856.7,2441.5,859.86K,-3.63%
"Jul 16, 2017",2836.5,1975.1,2932.8,1809,1.35M,43.62%
"Jul 09, 2017",1975.1,2564.9,2576.7,1974,777.01K,-22.99%
"Jul 02, 2017",2564.9,2424.6,2658.7,2375.9,526.68K,5.78%
"Jun 25, 2017",2424.6,2590.1,2660.7,2309.6,737.13K,-6.39%
"Jun 18, 2017",2590.1,2655.1,2804.4,2488.6,623.37K,-2.45%
"Jun 11, 2017",2655.1,2900.3,2985.1,2125.6,1.07M,-8.45%
"Jun 04, 2017",2900.3,2545.4,2931.2,2478.2,710.05K,13.94%
"May 28, 2017",2545.4,2052.4,2582.8,2051.1,732.63K,24.02%
"May 21, 2017",2052.4,2040.2,2781.8,1868.6,1.18M,0.60%
"May 14, 2017",2040.2,1763.7,2048.4,1653.7,552.75K,15.67%
"May 07, 2017",1763.7,1545.3,1864.8,1495.2,689.31K,14.14%
"Apr 30, 2017",1545.3,1336.3,1609.8,1309.7,609.50K,15.64%
"Apr 23, 2017",1336.3,1240.9,1356.2,1223.1,364.25K,7.69%
"Apr 16, 2017",1240.9,1177,1257,1166.7,301.86K,5.43%
"Apr 09, 2017",1177,1180.8,1229.6,841.5,309.20K,-0.32%
"Apr 02, 2017",1180.8,1086.1,1201.6,1074.2,495.23K,8.72%
"Mar 26, 2017",1086.1,966.3,1103.7,946.7,542.07K,12.40%
"Mar 19, 2017",966.3,971.4,1125.5,890.4,691.92K,-0.52%
"Mar 12, 2017",971.4,1179.2,1260.2,940.2,700.54K,-17.63%
"Mar 05, 2017",1179.2,1264.3,1330.4,988.7,563.14K,-6.73%
"Feb 26, 2017",1264.3,1149.1,1291.3,1130.6,352.15K,10.03%
"Feb 19, 2017",1149.1,1052.3,1211.7,1037.7,373.70K,9.20%
"Feb 12, 2017",1052.3,1008.3,1063.2,975.1,219.71K,4.36%
"Feb 05, 2017",1008.3,1031.8,1073,924.7,404.97K,-2.28%
"Jan 29, 2017",1031.8,918.5,1041,911.5,282.01K,12.34%
"Jan 22, 2017",918.5,919.8,938.4,883.6,256.52K,-0.14%
"Jan 15, 2017",919.8,819.6,928.9,808.6,346.77K,12.23%
"Jan 08, 2017",819.6,888.9,936.1,739.5,641.94K,-7.79%
"Jan 01, 2017",888.9,963.4,1150.6,806.7,1.65M,-7.73%
"Dec 25, 2016",963.4,891.1,982.6,851.4,367.77K,8.11%
"Dec 18, 2016",891.1,787.2,920.5,783.8,358.58K,13.20%
"Dec 11, 2016",787.2,774,791.6,763,181.20K,1.70%
"Dec 04, 2016",774,764.2,777,746,209.60K,1.28%
"Nov 27, 2016",764.2,734.1,779,727.1,283.01K,4.10%
"Nov 20, 2016",734.1,747.9,754,712.8,250.91K,-1.84%
"Nov 13, 2016",747.9,704.3,755.3,685,322.97K,6.19%
"Nov 06, 2016",704.3,702.1,741.2,697.6,253.50K,0.31%
"Oct 30, 2016",702.1,715,744.4,670.4,351.15K,-1.80%
"Oct 23, 2016",715,655.5,720.2,645.7,279.12K,9.07%
"Oct 16, 2016",655.5,637,659.9,624.1,186.59K,2.90%
"Oct 09, 2016",637,617.7,642.5,612.8,190.80K,3.14%
"Oct 02, 2016",617.7,613.4,619.6,606.5,154.85K,0.69%
"Sep 25, 2016",613.4,602.6,615,598.2,151.47K,1.80%
"Sep 18, 2016",602.6,607.1,612.4,591.7,158.87K,-0.74%
"Sep 11, 2016",607.1,624.5,630.8,592.8,176.68K,-2.79%
"Sep 04, 2016",624.5,598.8,629.3,590.8,190.28K,4.29%
"Aug 28, 2016",598.8,570.3,705,569.2,177.29K,5.00%
"Aug 21, 2016",570.3,582.6,591.9,567.3,180.45K,-2.10%
"Aug 14, 2016",582.6,584.6,585.8,559.3,216.33K,-0.34%
"Aug 07, 2016",584.6,586.5,600.5,580.9,211.25K,-0.32%
"Jul 31, 2016",586.5,654.7,654.9,471.4,444.48K,-10.43%
"Jul 24, 2016",654.7,655.2,664.2,643.5,217.98K,-0.06%
"Jul 17, 2016",655.2,660.7,680.9,645.7,285.32K,-0.84%
"Jul 10, 2016",660.7,651.8,673.2,636.8,309.16K,1.36%
"Jul 03, 2016",651.8,698.1,701.5,605,590.38K,-6.62%
"Jun 26, 2016",698.1,663.5,700.5,609.9,593.43K,5.21%
"Jun 19, 2016",663.5,753.8,765.1,539.3,1.18M,-11.97%
"Jun 12, 2016",753.8,591.6,776,592.8,1.21M,27.41%
"Jun 05, 2016",591.6,572,592.6,543.6,398.83K,3.44%
"May 29, 2016",572,524.2,592.7,493.2,663.12K,9.10%
"May 22, 2016",524.2,443.6,531.8,436.9,459.13K,18.16%
"May 15, 2016",443.6,456.4,460.3,435.4,255.85K,-2.80%
"May 08, 2016",456.4,458.5,464.2,446.8,277.91K,-0.44%
"May 01, 2016",458.5,448.5,461.5,440.2,326.08K,2.21%
"Apr 24, 2016",448.5,450.1,468.9,433.9,476.55K,-0.34%
"Apr 17, 2016",450.1,430,451.5,423.8,333.40K,4.66%
"Apr 10, 2016",430,418,432,416.7,269.29K,2.87%
"Apr 03, 2016",418,418.5,423.7,412.4,242.22K,-0.11%
"Mar 27, 2016",418.5,416.5,427.4,406.4,328.93K,0.48%
"Mar 20, 2016",416.5,408.7,419.6,407.2,264.86K,1.91%
"Mar 13, 2016",408.7,410.4,419.6,402.1,324.33K,-0.41%
"Mar 06, 2016",410.4,399,422.4,393.1,405.06K,2.85%
"Feb 28, 2016",399,431.3,441.3,386.9,528.15K,-7.49%
"Feb 21, 2016",431.3,440.1,447.6,410.4,466.28K,-1.99%
"Feb 14, 2016",440.1,390.1,442.7,390.1,559.58K,12.81%
"Feb 07, 2016",390.1,376.7,392.6,371.4,420.40K,3.56%
"Jan 31, 2016",376.7,377.8,391.8,365.3,465.80K,-0.29%
"Jan 24, 2016",377.8,388.6,405.4,363.5,484.64K,-2.79%
"Jan 17, 2016",388.6,385,425.7,373.2,688.23K,0.93%
"Jan 10, 2016",385,448.3,451.1,350.4,735.95K,-14.11%
"Jan 03, 2016",448.3,433.7,462.9,423.1,457.61K,3.36%
"Dec 27, 2015",433.7,415.4,438,406.1,420.60K,4.42%
"Dec 20, 2015",415.4,461.2,462.8,400.5,703.13K,-9.94%
"Dec 13, 2015",461.2,432.3,466.1,420.8,784.64K,6.69%
"Dec 06, 2015",432.3,386.7,467.7,381.7,908.49K,11.79%
"Nov 29, 2015",386.7,355.8,390.3,347.2,664.46K,8.67%
"Nov 22, 2015",355.8,324.7,368.9,315.5,578.86K,9.59%
"Nov 15, 2015",324.7,331.8,342.9,309.5,593.42K,-2.13%
"Nov 08, 2015",331.8,385.1,389.8,292.4,1.03M,-13.85%
"Nov 01, 2015",385.1,311.2,492.8,304.7,1.90M,23.73%
"Oct 25, 2015",311.2,282.6,334.9,279.6,810.63K,10.15%
"Oct 18, 2015",282.6,269.6,283,259.5,468.08K,4.81%
"Oct 11, 2015",269.6,245.4,275.4,243.1,495.94K,9.88%
"Oct 04, 2015",245.4,238.6,277.6,236.4,358.23K,2.84%
"Sep 27, 2015",238.6,234.3,240.4,231.8,352.36K,1.83%
"Sep 20, 2015",234.3,231.1,237.6,224.1,375.71K,1.38%
"Sep 13, 2015",231.1,235.6,242.8,225.1,357.82K,-1.91%
"Sep 06, 2015",235.6,233.7,246.4,233.3,419.16K,0.83%
"Aug 30, 2015",233.7,228.5,235.6,224.2,383.82K,2.26%
"Aug 23, 2015",228.5,229.5,234.8,196.3,723.79K,-0.45%
"Aug 16, 2015",229.5,260.5,261.9,214.3,680.08K,-11.89%
"Aug 09, 2015",260.5,258.6,271.5,258.6,361.86K,0.74%
"Aug 02, 2015",258.6,280.5,285.7,257.4,323.31K,-7.80%
"Jul 26, 2015",280.5,288.7,296.7,276.3,333.87K,-2.86%
"Jul 19, 2015",288.7,274,291.2,271.8,319.49K,5.36%
"Jul 12, 2015",274,292,315.9,243.2,626.53K,-6.14%
"Jul 05, 2015",292,260.5,298.8,257.6,437.97K,12.06%
"Jun 28, 2015",260.5,250.7,268.7,246.6,430.54K,3.92%
"Jun 21, 2015",250.7,245,251.6,239.1,290.96K,2.35%
"Jun 14, 2015",245,232.5,258.5,232.1,554.57K,5.38%
"Jun 07, 2015",232.5,224.7,233.1,222.2,327.87K,3.44%
"May 31, 2015",224.7,233.2,234,221,364.19K,-3.64%
"May 24, 2015",233.2,238.9,242.4,231.6,258.05K,-2.39%
"May 17, 2015",238.9,236.2,242,231.3,325.28K,1.15%
"May 10, 2015",236.2,241.4,244.8,232.4,369.77K,-2.14%
"May 03, 2015",241.4,235.3,247.9,228.2,547.71K,2.57%
"Apr 26, 2015",235.3,226.1,242.6,214.1,560.49K,4.07%
"Apr 19, 2015",226.1,223.4,238.4,221.6,382.29K,1.25%
"Apr 12, 2015",223.4,236.5,237.5,214.3,518.95K,-5.55%
"Apr 05, 2015",236.5,252.9,261.5,231.3,458.58K,-6.49%
"Mar 29, 2015",252.9,252,256.5,236.6,489.10K,0.35%
"Mar 22, 2015",252,259.7,271,234.8,627.70K,-2.96%
"Mar 15, 2015",259.7,281.6,294,247,662.73K,-7.77%
"Mar 08, 2015",281.6,274.9,301,271.3,720.71K,2.43%
"Mar 01, 2015",274.9,254.1,287.1,244.8,719.39K,8.21%
"Feb 22, 2015",254.1,244.4,258.7,231.3,479.59K,3.95%
"Feb 15, 2015",244.4,258.6,264.6,226.6,703.12K,-5.50%
"Feb 08, 2015",258.6,227.7,261.3,214.4,574.78K,13.60%
"Feb 01, 2015",227.7,218.5,247.5,209.7,331.42K,4.20%
"Jan 25, 2015",218.5,248.2,310.9,216.5,414.80K,-11.95%
"Jan 18, 2015",248.2,199.6,248.9,192.5,277.73K,24.30%
"Jan 11, 2015",199.6,273.4,278,157.3,536.80K,-26.96%
"Jan 04, 2015",273.4,287.1,296.1,255.9,252.20K,-4.80%
"Dec 28, 2014",287.1,315.3,322.8,284.9,158.96K,-8.95%
"Dec 21, 2014",315.3,330.4,339.3,312,161.65K,-4.54%
"Dec 14, 2014",330.4,348.2,351.6,303.4,266.58K,-5.14%
"Dec 07, 2014",348.2,376.3,377.9,337.8,200.16K,-7.45%
"Nov 30, 2014",376.3,376.3,384.9,366.2,146.15K,0.00%
"Nov 23, 2014",376.3,352,395.7,352.6,246.59K,6.89%
"Nov 16, 2014",352,374.9,412.3,343.8,147.31K,-6.10%
"Nov 09, 2014",374.9,343.5,480.5,341.8,197.01K,9.12%
"Nov 02, 2014",343.5,325.4,351.6,319.8,95.14K,5.56%
"Oct 26, 2014",325.4,346.7,356.8,320.7,87.78K,-6.14%
"Oct 19, 2014",346.7,390.9,394.5,341.5,89.27K,-11.30%
"Oct 12, 2014",390.9,361.2,407.7,352.3,132.96K,8.21%
"Oct 05, 2014",361.2,335.3,384.6,294.9,200.89K,7.72%
"Sep 28, 2014",335.3,399,402.3,327.1,123.42K,-15.96%
"Sep 21, 2014",399,411.5,445.5,394.5,99.72K,-3.04%
"Sep 14, 2014",411.5,478.2,480.3,386.1,62.05K,-13.94%
"Sep 07, 2014",478.2,484.5,491,467.5,44.00K,-1.30%
"Aug 31, 2014",484.5,506,508.3,470.5,44.41K,-4.25%
"Aug 24, 2014",506,497.7,527.4,496.8,23.33K,1.66%
"Aug 17, 2014",497.7,522,537.2,450,35.33K,-4.66%
"Aug 10, 2014",522,589.5,596.6,483.2,31.57K,-11.45%
"Aug 03, 2014",589.5,591.7,608.2,580.6,18.80K,-0.37%
"Jul 27, 2014",591.7,596,604,564,31.26K,-0.72%
"Jul 20, 2014",596,627,628.8,593.3,24.42K,-4.95%
"Jul 13, 2014",627,635.9,638.6,610,21.18K,-1.39%
"Jul 06, 2014",635.9,623,638.6,607.3,21.67K,2.08%
"Jun 29, 2014",623,597.6,652.5,593.2,26.47K,4.25%
"Jun 22, 2014",597.6,597,610.1,565.8,21.33K,0.09%
"Jun 15, 2014",597,583.4,614.4,560.8,24.28K,2.33%
"Jun 08, 2014",583.4,651.7,663,563.7,31.06K,-10.47%
"Jun 01, 2014",651.7,627.9,676.5,602.1,28.41K,3.78%
"May 25, 2014",627.9,520.5,629,520.5,26.11K,20.65%
"May 18, 2014",520.5,452.8,540.9,437.3,14.84K,14.95%
"May 11, 2014",452.8,451.9,455.9,429,13.76K,0.20%
"May 04, 2014",451.9,438.6,459.5,420.2,20.89K,3.02%
"Apr 27, 2014",438.6,457.9,464.5,420.8,29.46K,-4.20%
"Apr 20, 2014",457.9,506,524.7,438.3,43.03K,-9.52%
"Apr 13, 2014",506,437.6,549,409.9,53.39K,15.62%
"Apr 06, 2014",437.6,456.6,485.1,355.7,29.33K,-4.16%
"Mar 30, 2014",456.6,477.1,487.4,386.7,24.11K,-4.29%
"Mar 23, 2014",477.1,564.3,575.4,453.8,27.56K,-15.46%
"Mar 16, 2014",564.3,624,627.3,537.2,25.94K,-9.57%
"Mar 09, 2014",624,609.2,640.8,594.7,21.08K,2.43%
"Mar 02, 2014",609.2,557.4,695.4,541.5,11.29K,9.30%
"Feb 23, 2014",557.4,255.6,650,102.3,166.11K,118.08%
"Feb 16, 2014",255.6,371.1,540,91.7,474.94K,-31.12%
"Feb 09, 2014",371.1,648.8,700,302.2,243.42K,-42.80%
"Feb 02, 2014",648.8,940.4,959.6,632.1,107.92K,-31.01%
"Jan 26, 2014",940.4,961,1038.1,909.5,51.59K,-2.15%
"Jan 19, 2014",961,905.7,980.5,901.9,45.70K,6.11%
"Jan 12, 2014",905.7,1005.3,1022.7,867.2,52.66K,-9.91%
"Jan 05, 2014",1005.3,924.7,1093.4,858.9,113.16K,8.72%
"Dec 29, 2013",924.7,762,932.2,735,74.20K,21.35%
"Dec 22, 2013",762,640.5,836.8,615,93.74K,18.97%
"Dec 15, 2013",640.5,908.9,927.9,454.9,293.97K,-29.54%
"Dec 08, 2013",908.9,697,1067.7,653,144.17K,30.40%
"Dec 01, 2013",697,1205.7,1239.9,576,362.23K,-42.19%
"Nov 24, 2013",1205.7,832.5,1241.9,745.2,213.00K,44.82%
"Nov 17, 2013",832.5,462,900.9,453.3,379.68K,80.21%
"Nov 10, 2013",462,367.8,476.9,290,228.96K,25.60%
"Nov 03, 2013",367.8,211.7,395,212.1,294.92K,73.74%
"Oct 27, 2013",211.7,188.6,216.5,188.9,63.77K,12.27%
"Oct 20, 2013",188.6,183.1,233.4,175.3,254.87K,2.95%
"Oct 13, 2013",183.1,142.9,195.8,141.5,201.72K,28.18%
"Oct 06, 2013",142.9,136.7,143.1,134.1,64.32K,4.53%
"Sep 29, 2013",136.7,142.5,145.8,109.7,212.39K,-4.07%
"Sep 22, 2013",142.5,134.4,143,131,77.32K,6.04%
"Sep 15, 2013",134.4,136.7,142.2,131,73.34K,-1.70%
"Sep 08, 2013",136.7,129,145.9,124,137.01K,5.98%
"Sep 01, 2013",129,141,148.9,121.3,130.89K,-8.52%
"Aug 25, 2013",141,119.6,148.7,119.1,170.74K,17.89%
"Aug 18, 2013",119.6,112.8,125,111.8,160.00K,6.08%
"Aug 11, 2013",112.8,103,115,102.7,139.76K,9.47%
"Aug 04, 2013",103,104.9,107.8,101,82.99K,-1.86%
"Jul 28, 2013",104.9,94.4,111.7,94,191.74K,11.18%
"Jul 21, 2013",94.4,89.8,97.5,88,105.87K,5.10%
"Jul 14, 2013",89.8,98.3,101.9,86.2,177.26K,-8.65%
"Jul 07, 2013",98.3,69.7,104.2,66.6,366.12K,41.14%
"Jun 30, 2013",69.7,95,98.2,65.4,358.77K,-26.67%
"Jun 23, 2013",95,108.2,110,92.3,234.92K,-12.20%
"Jun 16, 2013",108.2,99.8,115,98.9,190.47K,8.42%
"Jun 09, 2013",99.8,107.9,112.3,88,336.61K,-7.50%
"Jun 02, 2013",107.9,129.3,130.1,106.2,273.71K,-16.56%
"May 26, 2013",129.3,132,136,124,159.87K,-2.04%
"May 19, 2013",132,123.2,134,119.5,157.31K,7.13%
"May 12, 2013",123.2,115.6,125.6,103,399.53K,6.55%
"May 05, 2013",115.6,112.9,124.9,97.5,568.14K,2.43%
"Apr 28, 2013",112.9,128,149.1,79,956.24K,-11.80%
"Apr 21, 2013",128,126.6,166.4,110,876.87K,1.09%
"Apr 14, 2013",126.6,93,136.4,50,1.81M,36.15%
"Apr 07, 2013",93,142.6,266,54.3,1.38M,-34.80%
"Mar 31, 2013",142.6,92.2,147,91,520.93K,54.71%
"Mar 24, 2013",92.2,64.3,95.7,62.7,511.38K,43.26%
"Mar 17, 2013",64.3,47,74.9,46.8,602.06K,36.91%
"Mar 10, 2013",47,46.8,48.5,36.7,384.32K,0.32%
"Mar 03, 2013",46.8,34.3,49.1,33.3,520.06K,36.79%
"Feb 24, 2013",34.3,29.8,34.9,29.2,327.36K,14.93%
"Feb 17, 2013",29.8,27.2,31.3,25,417.66K,9.48%
"Feb 10, 2013",27.2,23.6,27.6,21.7,466.62K,15.10%
"Feb 03, 2013",23.6,19.6,24,19.4,318.71K,20.48%
"Jan 27, 2013",19.6,17.9,21.4,17.2,442.23K,9.79%
"Jan 20, 2013",17.9,15.6,19.2,15.4,485.49K,14.47%
"Jan 13, 2013",15.6,14.2,16,13.9,313.71K,9.69%
"Jan 06, 2013",14.2,13.4,14.4,13.4,228.80K,5.95%
"Dec 30, 2012",13.4,13.4,13.6,13.2,142.19K,0.00%
"Dec 23, 2012",13.4,13.4,13.7,13,139.46K,0.00%
"Dec 16, 2012",13.4,13.5,13.7,12.8,241.51K,-0.89%
"Dec 09, 2012",13.5,13.4,13.9,13,228.09K,0.52%
"Dec 02, 2012",13.4,12.6,13.7,12.4,226.35K,6.85%
"Nov 25, 2012",12.6,12.4,12.7,11.9,189.37K,1.21%
"Nov 18, 2012",12.4,11.8,12.5,11.6,184.00K,5.26%
"Nov 11, 2012",11.8,10.9,11.8,10.7,202.40K,8.26%
"Nov 04, 2012",10.9,10.6,11.2,10.5,151.53K,2.35%
"Oct 28, 2012",10.6,10.3,11.3,10.3,218.24K,3.70%
"Oct 21, 2012",10.3,11.7,12,9.7,354.68K,-12.61%
"Oct 14, 2012",11.7,11.9,12,11.4,181.90K,-1.01%
"Oct 07, 2012",11.9,12.5,12.6,10.6,289.17K,-5.20%
"Sep 30, 2012",12.5,12.4,13.1,12.3,210.29K,1.21%
"Sep 23, 2012",12.4,12.2,12.5,11.6,175.00K,0.98%
"Sep 16, 2012",12.2,11.8,12.7,11.7,223.13K,4.17%
"Sep 09, 2012",11.8,11,11.8,10.8,260.01K,6.43%
"Sep 02, 2012",11,10,11.3,9.7,270.47K,10.73%
"Aug 26, 2012",10,10.5,12.1,9.7,432.01K,-5.23%
"Aug 19, 2012",10.5,11.6,11.6,7.6,759.29K,-9.39%
"Aug 12, 2012",11.6,11.5,15.4,10.6,591.64K,0.87%
"Aug 05, 2012",11.5,11,12,10.1,379.16K,4.83%
"Jul 29, 2012",11,8.9,11.3,8.7,442.24K,23.51%
"Jul 22, 2012",8.9,8.9,9.2,7.8,357.35K,0.00%
"Jul 15, 2012",8.9,7.5,9.7,7.3,789.95K,17.37%
"Jul 08, 2012",7.5,6.8,7.9,6.7,337.91K,11.54%
"Jul 01, 2012",6.8,6.7,6.9,6.4,284.01K,1.05%
"Jun 24, 2012",6.7,6.4,6.7,6.2,277.01K,4.04%
"Jun 17, 2012",6.4,6.4,6.8,6,332.47K,0.00%
"Jun 10, 2012",6.4,5.6,6.6,5.4,379.76K,15.11%
"Jun 03, 2012",5.6,5.3,5.7,5.2,327.56K,5.90%
"May 27, 2012",5.3,5.1,5.3,5,243.86K,2.94%
"May 20, 2012",5.1,5.1,5.2,5.1,220.54K,0.00%
"May 13, 2012",5.1,4.9,5.1,4.9,282.77K,3.03%
"May 06, 2012",4.9,5.1,5.1,4.8,326.60K,-2.56%
"Apr 29, 2012",5.1,5,5.2,4.9,308.53K,2.01%
"Apr 22, 2012",5,5.3,5.3,4.8,367.93K,-5.32%
"Apr 15, 2012",5.3,5,5.5,4.9,385.95K,6.05%
"Apr 08, 2012",5,4.7,5,4.6,404.72K,5.76%
"Apr 01, 2012",4.7,4.9,5.1,4.7,419.10K,-4.48%
"Mar 25, 2012",4.9,4.7,4.9,4.3,365.42K,4.91%
"Mar 18, 2012",4.7,5.2,5.3,4.5,475.80K,-10.34%
"Mar 11, 2012",5.2,4.8,5.4,4.8,367.60K,8.07%
"Mar 04, 2012",4.8,4.6,5.1,4.6,334.24K,4.77%
"Feb 26, 2012",4.6,4.8,5.1,4.5,403.66K,-3.35%
"Feb 19, 2012",4.8,4.2,5.2,4.2,595.59K,13.03%
"Feb 12, 2012",4.2,5.6,5.8,3.9,1.08M,-24.64%
"Feb 05, 2012",5.6,5.9,6,5.3,720.25K,-4.60%
"Jan 29, 2012",5.9,5.6,6.2,5.3,387.00K,4.26%
"Jan 22, 2012",5.6,6.2,6.4,5.1,560.59K,-8.90%
"Jan 15, 2012",6.2,6.8,7.2,4.6,871.36K,-8.44%
"Jan 08, 2012",6.8,6.8,7.2,5.8,757.50K,-0.88%
"Jan 01, 2012",6.8,4.7,7.2,4.6,1.02M,44.28%
"Dec 25, 2011",4.7,3.9,5,3.8,457.49K,19.80%
"Dec 18, 2011",3.9,3.2,4.5,3.2,478.62K,23.12%
"Dec 11, 2011",3.2,3,3.4,3,329.70K,4.92%
"Dec 04, 2011",3,2.8,3.1,2.6,388.45K,9.32%
"Nov 27, 2011",2.8,2.5,3.1,2.4,609.05K,12.96%
"Nov 20, 2011",2.5,2.2,2.6,2.2,363.45K,12.27%
"Nov 13, 2011",2.2,3,3,2,806.16K,-27.39%
"Nov 06, 2011",3,3,3.2,2.8,252.92K,2.02%
"Oct 30, 2011",3,3.6,3.7,2.8,268.87K,-17.04%
"Oct 23, 2011",3.6,3.2,3.8,2.4,450.69K,13.29%
"Oct 16, 2011",3.2,3.8,3.9,2,675.35K,-17.71%
"Oct 09, 2011",3.8,4,4.4,3.7,247.14K,-4.24%
"Oct 02, 2011",4,5,5.1,3.8,253.06K,-20.28%
"Sep 25, 2011",5,5.5,5.5,4.6,199.84K,-8.04%
"Sep 18, 2011",5.5,4.8,6.8,4.7,384.64K,14.68%
"Sep 11, 2011",4.8,4.8,7.4,4.4,413.36K,0.00%
"Sep 04, 2011",4.8,8.5,8.5,4.2,476.41K,-43.75%
"Aug 28, 2011",8.5,8.6,9.5,8,112.89K,-1.28%
"Aug 21, 2011",8.6,11.4,11.5,7.6,226.80K,-24.98%
"Aug 14, 2011",11.4,10.1,11.9,9.6,172.35K,13.03%
"Aug 07, 2011",10.1,6.6,12.1,6,392.07K,54.66%
"Jul 31, 2011",6.6,13.5,14.9,5.7,398.27K,-51.59%
"Jul 24, 2011",13.5,13.7,14.7,13.3,132.60K,-1.10%
"Jul 17, 2011",13.7,13.7,14.7,12.5,263.67K,0.00%
"Jul 10, 2011",13.7,14.4,15.7,13.5,190.88K,-4.59%
"Jul 03, 2011",14.4,15.4,16.5,11,366.20K,-6.62%
"Jun 26, 2011",15.4,17.5,18,14,179.65K,-12.05%
"Jun 19, 2011",17.5,16.9,18.9,16.9,30.18K,3.67%
"Jun 12, 2011",16.9,14.6,25,10.3,481.85K,15.29%
"Jun 05, 2011",14.6,18.9,31.9,13,515.02K,-22.45%
"May 29, 2011",18.9,8.3,18.9,8.1,272.94K,127.59%
"May 22, 2011",8.3,6.1,9.3,6,207.81K,35.62%
"May 15, 2011",6.1,7.2,8.5,5.6,223.19K,-15.00%
"May 08, 2011",7.2,3.6,8.9,3.6,292.56K,97.80%
"May 01, 2011",3.6,3.5,3.9,2.5,154.50K,4.00%
"Apr 24, 2011",3.5,1.7,4.2,1.5,315.37K,105.88%
"Apr 17, 2011",1.7,1,2,1,230.94K,61.90%
"Apr 10, 2011",1,0.7,1.1,0.7,222.10K,43.84%
"Apr 03, 2011",0.7,0.8,0.8,0.6,94.68K,-6.65%
"Mar 27, 2011",0.8,0.9,0.9,0.8,37.89K,-8.56%
"Mar 20, 2011",0.9,0.8,0.9,0.7,65.51K,11.79%
"Mar 13, 2011",0.8,0.9,0.9,0.7,47.85K,-16.67%
"Mar 06, 2011",0.9,0.9,0.9,0.8,54.39K,0.00%
"Feb 27, 2011",0.9,1,1,0.8,71.26K,0.00%
"Feb 20, 2011",1,0.9,1,0.8,53.11K,0.00%
"Feb 13, 2011",0.9,1.1,1.1,0.8,70.90K,-12.13%
"Feb 06, 2011",1.1,0.9,1.1,0.8,111.64K,17.39%
"Jan 30, 2011",0.9,0.4,0.9,0.4,177.62K,109.57%
"Jan 23, 2011",0.4,0.4,0.4,0.4,64.42K,0.00%
"Jan 16, 2011",0.4,0.4,0.4,0.3,82.88K,15.10%
"Jan 09, 2011",0.4,0.3,0.4,0.3,97.03K,19.54%
"Jan 02, 2011",0.3,0.3,0.3,0.3,56.70K,0.00%
"Dec 26, 2010",0.3,0.2,0.3,0.2,62.38K,20.05%
"Dec 19, 2010",0.2,0.2,0.3,0.2,40.10K,0.00%
"Dec 12, 2010",0.2,0.2,0.3,0.2,37.50K,0.00%
"Dec 05, 2010",0.2,0.2,0.2,0.2,66.89K,0.00%
"Nov 28, 2010",0.2,0.3,0.3,0.2,136.93K,-27.56%
"Nov 21, 2010",0.3,0.3,0.3,0.3,73.38K,0.00%
"Nov 14, 2010",0.3,0.3,0.3,0.2,146.41K,0.00%
"Nov 07, 2010",0.3,0.4,0.5,0.1,341.46K,-29.23%
"Oct 31, 2010",0.4,0.2,0.5,0.1,228.00K,96.08%
"Oct 24, 2010",0.2,0.1,0.2,0.1,205.85K,88.53%
"Oct 17, 2010",0.1,0.1,0.1,0.1,165.87K,0.00%
